월요일,6,18
마찬가지,9,38
분위기,2,37
핸드폰,10,44
에어로,0,14
피에트,0,11
누군가,6,34
강아지,2,10
스카이,0,20
고스트,0,10
걸리버,2,14
사이드,1,19
클래식,2,12
컨텐츠,1,13
그동안,6,26
유시민,4,11
블랙홀,6,77
이재용,6,19
제니퍼,11,37
대학교,5,21
연구소,3,15
수요일,0,10
갤럭시,15,52
도대체,4,23
사람과,2,11
그래프,1,10
일부러,3,12
스마트폰,8,48
내비게이션,20,31
바코드,1,11
어머님,0,10
연락처,7,15
쉬프트,0,23
갈수록,1,12
플래시,4,10
지팡이,5,16
케이스,4,35
언론사,1,10
두번째,0,77
냉장고,1,10
서비스,31,125
상대방,6,31
다이어리,2,19
브랜드,6,72
마침내,3,10
파우더,1,11
엔지니어,0,12
라운드,0,14
텍스트,3,40
스티커,0,17
그다음,0,73
스토리,1,36
모바일,8,27
오피스텔,3,10
디지털,4,20
자마자,0,10
프로그램,4,32
사업자,2,10
소비자,1,25
보이지,2,26
무언가,3,26
단백질,3,19
아저씨,18,74
그래픽,2,10
제주도,19,83
초콜릿,10,33
클라우드,0,17
아이패드,3,10
앤더슨,0,11
해주시,0,50
박정희,2,10
노란색,5,12
메시지,18,83
어차피,12,40
왜냐면,2,29
탄력성,2,10
대한민국,16,32
메세지,0,82
아이폰,12,52
스튜디오,0,20
하우스,0,13
피해자,1,11
레이더,3,20
스토어,1,19
지식인,3,11
아줌마,1,11
동영상,7,27
노하우,0,18
시청자,2,23
보이시,0,54
자전거,1,11
라이트,0,27
근로자,1,10
거래처,2,10
인프라,0,13
테스트,4,42
라이브,6,43
컴퓨터,10,40
제대로,11,90
하나님,2,50
리스트,0,29
축전지,0,11
비행기,4,24
커피숍,20,59
스마트,8,45
반드시,13,64
지리산,5,10
이베이,0,10
최대한,3,10
배터리,3,18
동해안,6,48
이야기,23,412
어려움,1,10
갑자기,23,67
케이블,0,20
브리핑,0,12
할머니,0,13
윈도우,2,14
돈까스,2,10
오디오,0,10
다음주,0,29
수도권,1,27
손가락,3,10
터미널,2,17
러시아,21,37
베이스,0,21
에어컨,1,12
선생님,7,33
거북이,3,10
양쿠미,0,12
디자인,5,40
영업소,4,10
이처럼,5,16
고기압,1,13
아우라,0,12
디테일,1,11
나눗셈,1,10
이메일,53,404
스타일,1,61
데이트,0,17
스케줄,1,21
사다리,4,12
한국어,1,16
거짓말,3,10
아이템,2,53
메리트,0,14
멧세지,0,24
네트워크,1,12
밸런스,8,10
일일이,0,18
이순신,6,14
부모님,3,33
인터뷰,8,27
다니엘,4,12
따라서,40,133
플랫폼,3,25
아프리카,4,11
나머지,13,77
자동차,9,33
사이즈,2,61
부동산,7,25
비즈니스,4,20
수익률,0,15
오케이,7,18
마무리,2,39
네이버,131,395
사용자,12,87
곧바로,1,12
히어로,3,18
디스플레이,4,17
에이스,0,12
매니저,9,33
아이언,0,10
레이저,0,11
오른쪽,25,95
패키지,8,25
대부분,20,147
캐릭터,1,43
안드로이드,3,16
사운드,3,13
오디션,0,10
마케팅,9,51
에피소드,2,11
인터넷,18,71
카메라,44,111
마인드,0,16
마이크,20,75
장애인,1,12
이태리,2,10
아래쪽,3,30
시스템,8,82
네비게이션,0,21
미세먼지,23,68
사무실,1,16
코미디,2,18
페이스북,7,15
레이스,1,12
데이터,2,150
고양이,4,19
아시아,1,13
와이프,2,13
도메인,0,11
베이비,2,11
이미지,26,260
클래스,1,30
보증금,5,11
머릿속,0,11
태블릿,3,13
할아버지,6,16
한가지,1,12
어쨌든,16,54
다이어트,4,12
토요일,3,16
에너지,5,49
미사일,2,12
하이퍼,0,29
스피커,3,10
대통령,3,23
드라마,10,59
코리아,1,12
로그인,7,30
문제점,0,11
프로젝트,6,25
페이스,2,24
아이디,2,29
그대로,21,171
라이언,1,10
드라이브,3,16
전문가,0,11
하나요,2,14
스테이,0,10
가운데,13,120
일주일,0,44
일어나서,1,10
해안가,3,11
아버지,15,86
유튜버,0,13
하나로,3,22
파이프,1,11
그다지,2,11
한마디,0,17
차단기,5,11
카카오,20,106
플러스,11,96
절대로,5,15
스스로,7,62
업데이트,16,61
우체국,3,13
아이디어,0,26
당분간,4,13
어린이,2,17
주인공,18,56
우리나라,18,96
곱하기,9,77
그레이,3,16
그림자,0,11
기술자,0,12
포스터,1,17
외국인,3,18
이벤트,3,44
칼로리,1,14
남해안,1,22
마지막,47,225
계산기,13,34
게이트,0,10
인테리어,6,26
에이미,2,11
검색어,1,20
만들기,1,21
소나기,1,13
보고서,1,12
밤사이,4,11
여러분,92,904
구성원,1,10
로부터,0,34
글로벌,2,18
전세계,0,13
얼마나,4,130
일본어,2,17
가능성,1,28
시공간,5,21
어디가,2,28
온라인,3,38
오브젝트,2,11
엘리베이터,4,12
다운로드,5,16
테이블,1,33
여러가지,0,79
어쩌면,3,13
해리포터,7,16
블로그,14,84
가이드,5,47
재산세,7,16
관리자,1,10
예수님,3,21
유튜브,37,152
캘린더,68,204
타이머,4,18
이어진,0,10
배우자,7,19
오오오,0,29
빨간색,6,13
과학자,1,14
플레이,6,90
화이트,2,16
실시간,3,22
홈페이지,4,21
편지함,0,14
갤러리,4,10
개발자,3,28
마법사,2,22
디폴트,0,10
프랑스,2,17
쓰레기,3,31
움직임,0,11
일요일,4,27
콘텐츠,0,15
파라미터,0,11
아이스,2,20
사우디,0,16
스페이스,1,18
와이파이,1,14
테이프,3,16
목적지,7,19
어딘가,3,10
심지어,3,42
아이돌,1,10
나누기,2,21
금요일,2,14
대체로,1,21
메모리,0,13
오피스,4,14
케이크,0,11
오페라,3,13
에다가,0,52
초록색,4,11
무조건,4,54
강원도,7,16
지난주,5,13
하이라이트,10,26
화장실,3,12
목소리,4,31
어머니,13,71
지평선,1,13
비디오,0,19
플로우,0,13
목요일,6,13
시리즈,10,71
마우스,1,40
미디어,1,12
주의보,0,26
베트남,8,24
페이지,7,93
포인트,3,50
전동기,1,10
김지영,3,20
오히려,6,81
아이콘,10,72
퀘스트,1,28
마스크,3,15
스모그,1,14
아파트,8,72
최소한,2,10
게다가,9,44
휴대폰,9,40
스위치,0,10
사이트,11,105
가해자,1,13
이탈리아,3,12
가까이,5,53
크리스,1,19
라든지,0,29
업로드,3,25
포스트,1,12
